ORDER_ID,DATE,PRODUCT,CATEGORY,QUANTITY,PRICE
ORD00001,2025-01-13,Phone,Electronics,9,497.33
ORD00002,2025-02-22,Headphones,Electronics,18,183.01
ORD00003,2025-01-17,Pen,Stationery,1,196.45
ORD00004,2025-09-16,Chair,Furniture,20,62.81
ORD00005,2025-11-29,Chair,Furniture,18,844.84
ORD00006,2025-10-29,Bottle,Home,9,1620.77
ORD00007,2025-03-23,Laptop,Electronics,14,687.1
ORD00008,2025-04-21,Headphones,Electronics,11,213.4
ORD00009,2025-02-19,Pen,Stationery,12,1696.51
ORD00010,2025-05-16,T-Shirt,Fashion,2,1462.17
ORD00011,2025-03-05,Shoes,Fashion,13,166.81
ORD00012,2025-11-18,Desk,Furniture,20,1772.05
ORD00013,2025-10-23,Notebook,Stationery,7,1412.1
ORD00014,2025-12-05,Laptop,Electronics,8,1548.41
ORD00015,2025-04-30,Phone,Electronics,4,766.45
ORD00016,2025-11-22,Bottle,Home,12,333.68
ORD00017,2025-04-18,Notebook,Stationery,9,1406.62
ORD00018,2025-11-08,Phone,Electronics,6,1072.94
ORD00019,2025-03-25,Chair,Furniture,15,765.12
ORD00020,2025-04-23,Shoes,Fashion,11,1687.28
ORD00021,2025-04-28,Laptop,Electronics,2,1612.04
ORD00022,2025-05-18,Pen,Stationery,3,429.86
ORD00023,2025-06-11,T-Shirt,Fashion,7,1314.32
ORD00024,2025-11-26,Pen,Stationery,15,294.31
ORD00025,2025-05-07,Headphones,Electronics,18,1082.56
ORD00026,2025-08-08,T-Shirt,Fashion,19,804.81
ORD00027,2025-03-12,Chair,Furniture,17,992.1
ORD00028,2025-02-26,Laptop,Electronics,5,1258.62
ORD00029,2025-11-02,Pen,Stationery,3,775.69
ORD00030,2025-08-28,T-Shirt,Fashion,17,510.31
ORD00031,2025-01-06,Shoes,Fashion,4,1366.6
ORD00032,2025-05-17,Shoes,Fashion,11,231.99
ORD00033,2025-03-22,Pen,Stationery,15,16.46
ORD00034,2025-09-14,Desk,Furniture,6,1020.29
ORD00035,2025-11-17,Phone,Electronics,10,1684.92
ORD00036,2025-11-08,Shoes,Fashion,7,314.15
ORD00037,2025-10-04,Headphones,Electronics,17,1837.8
ORD00038,2025-06-15,T-Shirt,Fashion,16,48.76
ORD00039,2025-06-07,Notebook,Stationery,8,125.27
ORD00040,2025-02-10,T-Shirt,Fashion,3,1466.5
ORD00041,2025-09-30,Phone,Electronics,5,265.5
ORD00042,2025-10-09,Bottle,Home,6,537.46
ORD00043,2025-08-05,T-Shirt,Fashion,7,1858.54
ORD00044,2025-06-09,Chair,Furniture,13,1990.35
ORD00045,2025-08-13,Notebook,Stationery,17,908.46
ORD00046,2025-04-26,Chair,Furniture,3,682.79
ORD00047,2025-10-11,T-Shirt,Fashion,8,1181.0
ORD00048,2025-02-06,Laptop,Electronics,2,465.59
ORD00049,2025-06-19,Laptop,Electronics,3,1033.17
ORD00050,2025-12-09,Desk,Furniture,16,436.33
ORD00051,2025-10-20,Headphones,Electronics,19,950.62
ORD00052,2025-07-28,Bottle,Home,7,197.71
ORD00053,2025-07-01,Pen,Stationery,14,828.09
ORD00054,2025-12-11,Laptop,Electronics,4,130.62
ORD00055,2025-02-25,Notebook,Stationery,8,391.26
ORD00056,2025-08-18,Shoes,Fashion,5,849.54
ORD00057,2025-08-25,Desk,Furniture,8,1750.23
ORD00058,2025-08-15,Phone,Electronics,18,204.84
ORD00059,2025-01-08,Shoes,Fashion,3,1853.47
ORD00060,2025-03-27,Chair,Furniture,14,976.43
ORD00061,2025-07-25,Chair,Furniture,2,337.63
ORD00062,2025-07-19,Laptop,Electronics,9,1853.77
ORD00063,2025-05-27,Bottle,Home,14,1396.22
ORD00064,2025-12-05,Shoes,Fashion,16,318.05
ORD00065,2025-04-22,Desk,Furniture,2,1162.57
ORD00066,2025-02-01,Shoes,Fashion,11,123.76
ORD00067,2025-09-02,T-Shirt,Fashion,17,1839.58
ORD00068,2025-03-22,Shoes,Fashion,2,1921.95
ORD00069,2025-04-06,Phone,Electronics,3,1194.12
ORD00070,2025-07-26,Chair,Furniture,4,1883.78
ORD00071,2025-05-07,T-Shirt,Fashion,19,1193.09
ORD00072,2025-02-11,T-Shirt,Fashion,14,1318.17
ORD00073,2025-09-25,T-Shirt,Fashion,11,1870.07
ORD00074,2025-12-09,Chair,Furniture,11,484.99
ORD00075,2025-03-09,Pen,Stationery,10,919.88
ORD00076,2025-01-05,Phone,Electronics,15,1246.11
ORD00077,2025-02-21,T-Shirt,Fashion,3,1079.89
ORD00078,2025-05-16,Shoes,Fashion,5,1867.19
ORD00079,2025-05-06,Phone,Electronics,12,577.12
ORD00080,2025-10-06,Bottle,Home,10,1227.24
ORD00081,2025-01-05,Shoes,Fashion,18,605.76
ORD00082,2025-03-10,Phone,Electronics,9,239.7
ORD00083,2025-10-11,Phone,Electronics,5,551.97
ORD00084,2025-04-18,T-Shirt,Fashion,11,415.16
ORD00085,2025-09-16,Desk,Furniture,16,509.73
ORD00086,2025-02-17,Laptop,Electronics,14,1660.4
ORD00087,2025-01-02,Laptop,Electronics,11,1544.53
ORD00088,2025-03-24,Desk,Furniture,15,1107.84
ORD00089,2025-10-15,Pen,Stationery,1,232.63
ORD00090,2025-10-07,Headphones,Electronics,2,1670.84
ORD00091,2025-10-10,T-Shirt,Fashion,5,865.28
ORD00092,2025-06-07,Laptop,Electronics,12,1798.97
ORD00093,2025-07-03,Laptop,Electronics,7,1367.31
ORD00094,2025-07-01,Phone,Electronics,18,1769.43
ORD00095,2025-11-14,Pen,Stationery,5,1852.27
ORD00096,2025-03-25,Chair,Furniture,6,1764.02
ORD00097,2025-04-02,Laptop,Electronics,11,1566.95
ORD00098,2025-12-09,Pen,Stationery,8,540.94
ORD00099,2025-07-15,Phone,Electronics,2,1718.6
ORD00100,2025-04-13,Chair,Furniture,15,705.82
ORD00101,2025-04-25,Chair,Furniture,1,1323.47
ORD00102,2025-06-18,Pen,Stationery,9,1730.06
ORD00103,2025-06-29,Desk,Furniture,17,805.36
ORD00104,2025-06-19,Shoes,Fashion,1,239.53
ORD00105,2025-04-02,Desk,Furniture,19,1925.44
ORD00106,2025-01-20,Desk,Furniture,4,1197.18
ORD00107,2025-06-10,Notebook,Stationery,14,1216.36
ORD00108,2025-03-01,Shoes,Fashion,13,1800.01
ORD00109,2025-05-11,Chair,Furniture,2,1420.48
ORD00110,2025-09-24,Laptop,Electronics,18,1376.85
ORD00111,2025-07-06,Chair,Furniture,14,149.25
ORD00112,2025-11-16,Notebook,Stationery,11,1330.14
ORD00113,2025-06-03,Phone,Electronics,17,625.48
ORD00114,2025-06-17,Pen,Stationery,13,1397.44
ORD00115,2025-03-07,Shoes,Fashion,7,846.69
ORD00116,2025-12-13,Pen,Stationery,6,1234.87
ORD00117,2025-07-27,Desk,Furniture,18,1669.11
ORD00118,2025-05-27,Desk,Furniture,7,865.48
ORD00119,2025-11-07,T-Shirt,Fashion,11,935.33
ORD00120,2025-12-12,Bottle,Home,7,1027.24
ORD00121,2025-12-04,Headphones,Electronics,3,574.73
ORD00122,2025-06-21,T-Shirt,Fashion,3,1638.66
ORD00123,2025-12-11,Chair,Furniture,10,457.03
ORD00124,2025-03-17,Chair,Furniture,1,101.97
ORD00125,2025-11-09,Bottle,Home,3,916.28
ORD00126,2025-04-10,T-Shirt,Fashion,13,993.81
ORD00127,2025-03-17,Chair,Furniture,1,1786.39
ORD00128,2025-08-06,Phone,Electronics,8,360.01
ORD00129,2025-08-26,Shoes,Fashion,2,1119.24
ORD00130,2025-08-22,Phone,Electronics,5,1604.82
ORD00131,2025-10-14,Shoes,Fashion,20,641.42
ORD00132,2025-11-10,Bottle,Home,17,859.21
ORD00133,2025-08-17,Shoes,Fashion,6,1489.87
ORD00134,2025-08-19,Bottle,Home,9,1506.04
ORD00135,2025-09-24,Desk,Furniture,16,1257.23
ORD00136,2025-08-14,Desk,Furniture,3,1429.95
ORD00137,2025-05-20,Chair,Furniture,11,646.22
ORD00138,2025-02-11,Shoes,Fashion,5,310.15
ORD00139,2025-12-22,Pen,Stationery,5,1415.77
ORD00140,2025-08-01,Phone,Electronics,14,668.45
ORD00141,2025-08-01,Bottle,Home,2,421.6
ORD00142,2025-07-19,Pen,Stationery,19,1892.66
ORD00143,2025-10-22,Laptop,Electronics,13,959.19
ORD00144,2025-06-02,Notebook,Stationery,13,1708.36
ORD00145,2025-10-03,Pen,Stationery,18,1601.74
ORD00146,2025-09-07,Chair,Furniture,8,553.14
ORD00147,2025-01-15,Bottle,Home,13,678.9
ORD00148,2025-03-26,Pen,Stationery,15,1839.89
ORD00149,2025-10-01,T-Shirt,Fashion,1,1814.79
ORD00150,2025-10-16,T-Shirt,Fashion,1,177.06
ORD00151,2025-03-11,Pen,Stationery,15,371.64
ORD00152,2025-07-14,Desk,Furniture,11,431.2
ORD00153,2025-06-22,Notebook,Stationery,13,563.73
ORD00154,2025-05-10,Pen,Stationery,3,945.91
ORD00155,2025-01-27,Shoes,Fashion,12,456.2
ORD00156,2025-11-30,Phone,Electronics,2,1510.92
ORD00157,2025-04-13,Chair,Furniture,1,1246.46
ORD00158,2025-03-06,Chair,Furniture,16,1342.22
ORD00159,2025-04-22,T-Shirt,Fashion,15,1401.94
ORD00160,2025-03-27,Notebook,Stationery,20,1218.42
ORD00161,2025-03-25,Phone,Electronics,10,225.12
ORD00162,2025-06-09,Laptop,Electronics,19,1357.92
ORD00163,2025-07-23,Pen,Stationery,7,161.23
ORD00164,2025-02-22,Chair,Furniture,10,1702.08
ORD00165,2025-03-03,T-Shirt,Fashion,19,1567.44
ORD00166,2025-09-30,Notebook,Stationery,14,1326.43
ORD00167,2025-09-17,Phone,Electronics,11,35.18
ORD00168,2025-09-08,Pen,Stationery,4,872.71
ORD00169,2025-11-22,Notebook,Stationery,15,1417.54
ORD00170,2025-04-01,Pen,Stationery,17,1931.29
ORD00171,2025-11-12,Desk,Furniture,18,1551.54
ORD00172,2025-08-12,Bottle,Home,19,544.11
ORD00173,2025-02-14,Chair,Furniture,9,1764.45
ORD00174,2025-08-26,Chair,Furniture,19,1224.56
ORD00175,2025-06-22,Pen,Stationery,1,993.67
ORD00176,2025-04-04,Notebook,Stationery,16,432.12
ORD00177,2025-06-24,Desk,Furniture,9,1761.84
ORD00178,2025-10-12,Desk,Furniture,1,1038.09
ORD00179,2025-02-13,Chair,Furniture,8,1442.95
ORD00180,2025-10-12,Bottle,Home,8,1384.31
ORD00181,2025-08-18,Bottle,Home,1,195.18
ORD00182,2025-07-27,Chair,Furniture,8,619.35
ORD00183,2025-07-08,T-Shirt,Fashion,16,1111.41
ORD00184,2025-08-06,Notebook,Stationery,18,668.27
ORD00185,2025-05-19,Bottle,Home,10,510.29
ORD00186,2025-04-09,Phone,Electronics,11,247.91
ORD00187,2025-12-20,Shoes,Fashion,6,391.17
ORD00188,2025-05-22,Bottle,Home,19,1953.45
ORD00189,2025-11-02,Shoes,Fashion,10,1961.22
ORD00190,2025-06-01,Chair,Furniture,8,728.15
ORD00191,2025-01-08,Desk,Furniture,18,261.9
ORD00192,2025-01-28,Laptop,Electronics,18,591.35
ORD00193,2025-11-23,Headphones,Electronics,16,214.15
ORD00194,2025-10-21,Laptop,Electronics,10,944.1
ORD00195,2025-06-24,Bottle,Home,6,1931.34
ORD00196,2025-09-02,Desk,Furniture,4,1646.01
ORD00197,2025-09-09,Pen,Stationery,3,1158.27
ORD00198,2025-03-19,Laptop,Electronics,5,1624.17
ORD00199,2025-02-13,Desk,Furniture,8,245.72
ORD00200,2025-11-07,Pen,Stationery,20,1583.57
ORD00201,2025-09-25,Chair,Furniture,13,906.52
ORD00202,2025-06-02,Bottle,Home,19,1980.16
ORD00203,2025-10-19,Desk,Furniture,20,129.86
ORD00204,2025-04-17,Phone,Electronics,7,536.65
ORD00205,2025-03-22,Phone,Electronics,8,355.89
ORD00206,2025-03-22,Phone,Electronics,1,822.95
ORD00207,2025-08-29,T-Shirt,Fashion,10,74.95
ORD00208,2025-12-28,Desk,Furniture,10,1408.95
ORD00209,2025-02-06,Bottle,Home,8,1848.58
ORD00210,2025-12-05,T-Shirt,Fashion,7,856.03
ORD00211,2025-04-26,Shoes,Fashion,5,1817.74
ORD00212,2025-02-06,Headphones,Electronics,2,340.19
ORD00213,2025-11-01,Desk,Furniture,19,1843.17
ORD00214,2025-03-05,Bottle,Home,15,1380.47
ORD00215,2025-05-20,Pen,Stationery,17,1084.56
ORD00216,2025-02-11,Bottle,Home,20,89.32
ORD00217,2025-06-15,Pen,Stationery,20,508.23
ORD00218,2025-04-28,Phone,Electronics,19,1178.37
ORD00219,2025-12-11,Laptop,Electronics,9,1156.73
ORD00220,2025-08-29,Headphones,Electronics,17,1306.5
ORD00221,2025-04-03,Desk,Furniture,19,877.41
ORD00222,2025-02-16,Bottle,Home,16,702.44
ORD00223,2025-06-14,Notebook,Stationery,4,1716.89
ORD00224,2025-07-30,Notebook,Stationery,16,583.55
ORD00225,2025-10-09,Pen,Stationery,2,915.1
ORD00226,2025-05-10,Notebook,Stationery,11,240.68
ORD00227,2025-09-21,Pen,Stationery,1,1318.74
ORD00228,2025-08-25,Shoes,Fashion,14,117.87
ORD00229,2025-07-05,Shoes,Fashion,20,1515.32
ORD00230,2025-01-27,Bottle,Home,7,541.44
ORD00231,2025-05-28,Headphones,Electronics,15,1762.88
ORD00232,2025-03-04,Bottle,Home,1,1946.56
ORD00233,2025-05-03,T-Shirt,Fashion,6,628.39
ORD00234,2025-10-10,Laptop,Electronics,14,195.49
ORD00235,2025-08-25,Phone,Electronics,4,1298.94
ORD00236,2025-09-13,Headphones,Electronics,10,1022.66
ORD00237,2025-08-01,Desk,Furniture,16,1960.69
ORD00238,2025-08-22,Chair,Furniture,18,297.84
ORD00239,2025-11-03,Chair,Furniture,17,1495.12
ORD00240,2025-02-05,Headphones,Electronics,9,1547.62
ORD00241,2025-06-24,Pen,Stationery,17,541.67
ORD00242,2025-05-25,Laptop,Electronics,10,1676.58
ORD00243,2025-12-04,T-Shirt,Fashion,16,1731.87
ORD00244,2025-10-03,Bottle,Home,16,696.8
ORD00245,2025-10-06,Shoes,Fashion,13,916.14
ORD00246,2025-04-07,Notebook,Stationery,8,1147.88
ORD00247,2025-07-30,Chair,Furniture,2,643.17
ORD00248,2025-12-28,Bottle,Home,13,778.3
ORD00249,2025-09-11,Headphones,Electronics,2,261.23
ORD00250,2025-06-19,T-Shirt,Fashion,4,1749.64
ORD00251,2025-02-21,Bottle,Home,17,1821.78
ORD00252,2025-03-15,Laptop,Electronics,14,1743.16
ORD00253,2025-02-08,Headphones,Electronics,16,1565.24
ORD00254,2025-06-23,Desk,Furniture,20,1388.48
ORD00255,2025-06-18,Phone,Electronics,18,766.22
ORD00256,2025-11-17,Notebook,Stationery,16,1746.04
ORD00257,2025-11-13,Laptop,Electronics,3,477.19
ORD00258,2025-04-27,Desk,Furniture,3,873.6
ORD00259,2025-11-21,Phone,Electronics,4,892.92
ORD00260,2025-01-15,Desk,Furniture,2,655.51
ORD00261,2025-05-31,Laptop,Electronics,12,755.93
ORD00262,2025-05-06,Headphones,Electronics,17,829.98
ORD00263,2025-03-29,Headphones,Electronics,6,167.15
ORD00264,2025-11-14,Pen,Stationery,8,1000.36
ORD00265,2025-03-15,T-Shirt,Fashion,8,927.69
ORD00266,2025-08-24,Desk,Furniture,9,1337.01
ORD00267,2025-05-28,Bottle,Home,18,324.37
ORD00268,2025-06-26,Bottle,Home,19,605.32
ORD00269,2025-12-20,Pen,Stationery,9,919.1
ORD00270,2025-04-12,Desk,Furniture,13,1708.14
ORD00271,2025-05-02,Phone,Electronics,13,1148.13
ORD00272,2025-06-01,T-Shirt,Fashion,10,53.66
ORD00273,2025-05-21,Pen,Stationery,1,1136.2
ORD00274,2025-11-07,Laptop,Electronics,16,1667.35
ORD00275,2025-04-28,Desk,Furniture,20,1605.84
ORD00276,2025-11-22,Chair,Furniture,7,1245.57
ORD00277,2025-11-18,Headphones,Electronics,4,1807.77
ORD00278,2025-06-08,Laptop,Electronics,15,76.4
ORD00279,2025-03-09,Notebook,Stationery,3,1820.16
ORD00280,2025-08-01,Notebook,Stationery,6,409.58
ORD00281,2025-07-07,Shoes,Fashion,17,1008.57
ORD00282,2025-03-26,Desk,Furniture,9,1828.96
ORD00283,2025-06-01,Bottle,Home,11,1610.42
ORD00284,2025-02-08,Bottle,Home,5,1510.76
ORD00285,2025-12-13,Chair,Furniture,13,1934.87
ORD00286,2025-07-07,Shoes,Fashion,3,1583.46
ORD00287,2025-05-16,Laptop,Electronics,18,255.94
ORD00288,2025-12-11,Notebook,Stationery,9,1173.27
ORD00289,2025-02-25,Notebook,Stationery,8,948.24
ORD00290,2025-10-15,T-Shirt,Fashion,11,1831.36
ORD00291,2025-11-28,Chair,Furniture,3,1274.45
ORD00292,2025-12-25,Bottle,Home,10,1301.99
ORD00293,2025-03-13,Phone,Electronics,2,1893.06
ORD00294,2025-09-10,Desk,Furniture,4,203.41
ORD00295,2025-03-11,Shoes,Fashion,13,912.75
ORD00296,2025-08-03,Shoes,Fashion,19,1487.12
ORD00297,2025-08-01,Headphones,Electronics,4,1669.05
ORD00298,2025-07-28,T-Shirt,Fashion,9,75.11
ORD00299,2025-04-22,Notebook,Stationery,15,894.94
ORD00300,2025-07-05,Chair,Furniture,4,1962.05
ORD00301,2025-10-06,Notebook,Stationery,12,130.49
ORD00302,2025-04-08,Desk,Furniture,4,1898.53
ORD00303,2025-02-16,Bottle,Home,7,1286.99
ORD00304,2025-01-11,T-Shirt,Fashion,2,1575.72
ORD00305,2025-03-06,Chair,Furniture,19,418.36
ORD00306,2025-04-17,Shoes,Fashion,19,439.74
ORD00307,2025-06-18,Chair,Furniture,5,1579.4
ORD00308,2025-01-02,T-Shirt,Fashion,9,1718.23
ORD00309,2025-03-08,Headphones,Electronics,18,508.8
ORD00310,2025-02-26,Headphones,Electronics,1,272.29
ORD00311,2025-05-02,Notebook,Stationery,19,654.31
ORD00312,2025-05-16,Headphones,Electronics,2,262.25
ORD00313,2025-09-27,Pen,Stationery,4,1493.87
ORD00314,2025-08-18,Bottle,Home,12,1031.34
ORD00315,2025-08-20,Phone,Electronics,17,450.88
ORD00316,2025-01-23,T-Shirt,Fashion,17,610.24
ORD00317,2025-02-01,Laptop,Electronics,16,1696.12
ORD00318,2025-12-18,Pen,Stationery,4,985.64
ORD00319,2025-02-07,Bottle,Home,3,651.0
ORD00320,2025-02-03,Headphones,Electronics,5,557.28
ORD00321,2025-10-08,T-Shirt,Fashion,11,768.0
ORD00322,2025-09-29,T-Shirt,Fashion,10,912.89
ORD00323,2025-08-09,T-Shirt,Fashion,4,1588.26
ORD00324,2025-12-02,Phone,Electronics,18,1444.47
ORD00325,2025-08-09,Chair,Furniture,15,1777.3
ORD00326,2025-06-23,Pen,Stationery,15,803.47
ORD00327,2025-06-10,Phone,Electronics,14,631.92
ORD00328,2025-07-11,Desk,Furniture,5,1376.77
ORD00329,2025-02-04,Bottle,Home,3,1665.23
ORD00330,2025-08-10,Phone,Electronics,4,1491.73
ORD00331,2025-03-08,Notebook,Stationery,18,129.36
ORD00332,2025-10-15,Shoes,Fashion,11,1343.33
ORD00333,2025-07-01,Pen,Stationery,14,1737.5
ORD00334,2025-05-28,Laptop,Electronics,20,631.77
ORD00335,2025-10-23,Phone,Electronics,17,433.35
ORD00336,2025-04-25,Bottle,Home,4,706.73
ORD00337,2025-07-08,Shoes,Fashion,4,1527.59
ORD00338,2025-04-26,T-Shirt,Fashion,14,1691.86
ORD00339,2025-11-11,T-Shirt,Fashion,18,62.25
ORD00340,2025-01-15,Desk,Furniture,6,553.81
ORD00341,2025-06-23,Desk,Furniture,12,22.15
ORD00342,2025-10-17,Headphones,Electronics,13,148.47
ORD00343,2025-02-16,Laptop,Electronics,17,438.11
ORD00344,2025-08-21,Pen,Stationery,11,323.24
ORD00345,2025-06-16,Desk,Furniture,19,1196.49
ORD00346,2025-03-21,Laptop,Electronics,6,1511.33
ORD00347,2025-12-12,Laptop,Electronics,3,551.48
ORD00348,2025-09-06,Pen,Stationery,20,889.67
ORD00349,2025-04-21,Desk,Furniture,17,236.5
ORD00350,2025-02-26,Pen,Stationery,10,1359.65
ORD00351,2025-09-07,T-Shirt,Fashion,17,1337.59
ORD00352,2025-04-23,Laptop,Electronics,13,1969.05
ORD00353,2025-01-04,Laptop,Electronics,7,609.82
ORD00354,2025-03-12,Chair,Furniture,9,586.0
ORD00355,2025-01-04,Phone,Electronics,16,1496.56
ORD00356,2025-03-08,Headphones,Electronics,13,1069.84
ORD00357,2025-09-14,Chair,Furniture,18,1668.37
ORD00358,2025-02-06,Notebook,Stationery,13,1724.91
ORD00359,2025-08-12,Laptop,Electronics,1,924.91
ORD00360,2025-06-10,Phone,Electronics,19,864.28
ORD00361,2025-12-30,Pen,Stationery,14,586.14
ORD00362,2025-01-11,Pen,Stationery,11,352.03
ORD00363,2025-08-24,T-Shirt,Fashion,12,185.38
ORD00364,2025-05-05,Phone,Electronics,14,1181.85
ORD00365,2025-02-10,Shoes,Fashion,13,1742.34
ORD00366,2025-04-24,Notebook,Stationery,11,1560.44
ORD00367,2025-09-19,Phone,Electronics,4,1065.9
ORD00368,2025-06-28,Chair,Furniture,12,1457.48
ORD00369,2025-05-01,Headphones,Electronics,4,301.42
ORD00370,2025-03-30,Chair,Furniture,20,314.21
ORD00371,2025-04-01,Phone,Electronics,16,933.27
ORD00372,2025-10-24,T-Shirt,Fashion,15,1365.46
ORD00373,2025-11-26,T-Shirt,Fashion,20,653.18
ORD00374,2025-03-19,Notebook,Stationery,15,145.89
ORD00375,2025-11-20,Bottle,Home,10,1594.7
ORD00376,2025-01-29,T-Shirt,Fashion,12,1019.6
ORD00377,2025-08-25,Desk,Furniture,15,84.84
ORD00378,2025-05-27,Notebook,Stationery,3,1292.89
ORD00379,2025-11-11,Phone,Electronics,20,1019.06
ORD00380,2025-10-25,Bottle,Home,18,1908.92
ORD00381,2025-08-19,Laptop,Electronics,19,1307.16
ORD00382,2025-11-06,Notebook,Stationery,16,1007.72
ORD00383,2025-08-19,Laptop,Electronics,4,1623.82
ORD00384,2025-02-13,Notebook,Stationery,17,1295.79
ORD00385,2025-05-07,Laptop,Electronics,15,1982.06
ORD00386,2025-09-25,Shoes,Fashion,20,325.9
ORD00387,2025-05-25,Notebook,Stationery,13,823.45
ORD00388,2025-12-14,Notebook,Stationery,20,114.21
ORD00389,2025-02-03,Notebook,Stationery,11,198.07
ORD00390,2025-05-26,Pen,Stationery,9,1450.23
ORD00391,2025-03-18,T-Shirt,Fashion,11,172.19
ORD00392,2025-06-29,Headphones,Electronics,10,1935.72
ORD00393,2025-03-08,Pen,Stationery,20,1420.58
ORD00394,2025-06-08,Phone,Electronics,18,759.59
ORD00395,2025-03-07,Notebook,Stationery,17,195.97
ORD00396,2025-09-18,Pen,Stationery,12,46.28
ORD00397,2025-04-03,Desk,Furniture,7,690.05
ORD00398,2025-04-09,Bottle,Home,8,1999.95
ORD00399,2025-02-09,Headphones,Electronics,10,1690.41
ORD00400,2025-09-17,Phone,Electronics,18,1671.89
ORD00401,2025-01-20,Shoes,Fashion,11,1754.02
ORD00402,2025-03-09,T-Shirt,Fashion,20,759.67
ORD00403,2025-04-03,Headphones,Electronics,20,1620.0
ORD00404,2025-08-13,Headphones,Electronics,2,827.61
ORD00405,2025-08-16,Chair,Furniture,20,577.01
ORD00406,2025-04-30,Bottle,Home,18,485.95
ORD00407,2025-04-10,Bottle,Home,12,1359.83
ORD00408,2025-08-14,T-Shirt,Fashion,15,1541.18
ORD00409,2025-09-15,Pen,Stationery,17,843.14
ORD00410,2025-04-13,Headphones,Electronics,20,285.41
ORD00411,2025-01-27,Desk,Furniture,16,1749.49
ORD00412,2025-02-22,Shoes,Fashion,17,1703.82
ORD00413,2025-02-12,Desk,Furniture,6,552.85
ORD00414,2025-03-17,Shoes,Fashion,14,192.51
ORD00415,2025-08-19,Chair,Furniture,12,1861.64
ORD00416,2025-01-28,Pen,Stationery,13,1008.99
ORD00417,2025-07-17,Chair,Furniture,3,756.08
ORD00418,2025-06-13,Laptop,Electronics,4,1679.96
ORD00419,2025-03-16,Notebook,Stationery,5,86.22
ORD00420,2025-12-23,Bottle,Home,5,1520.09
ORD00421,2025-08-18,Bottle,Home,20,20.45
ORD00422,2025-01-10,Phone,Electronics,9,439.15
ORD00423,2025-10-08,Headphones,Electronics,20,1060.27
ORD00424,2025-05-28,Phone,Electronics,8,609.29
ORD00425,2025-05-03,Laptop,Electronics,14,1281.51
ORD00426,2025-08-23,T-Shirt,Fashion,3,230.61
ORD00427,2025-11-02,Bottle,Home,18,42.71
ORD00428,2025-10-22,Shoes,Fashion,8,1439.9
ORD00429,2025-08-08,Desk,Furniture,1,1233.47
ORD00430,2025-10-20,Chair,Furniture,14,382.75
ORD00431,2025-09-26,Phone,Electronics,12,144.68
ORD00432,2025-10-06,Shoes,Fashion,17,1574.96
ORD00433,2025-10-11,Shoes,Fashion,1,787.0
ORD00434,2025-01-23,Bottle,Home,13,1962.27
ORD00435,2025-01-09,Desk,Furniture,12,1579.15
ORD00436,2025-05-04,Notebook,Stationery,4,1545.29
ORD00437,2025-03-10,Notebook,Stationery,2,711.08
ORD00438,2025-11-26,Notebook,Stationery,6,1662.46
ORD00439,2025-12-23,Bottle,Home,16,1267.15
ORD00440,2025-02-02,Headphones,Electronics,15,83.6
ORD00441,2025-01-23,Chair,Furniture,7,1772.72
ORD00442,2025-06-08,Notebook,Stationery,17,802.47
ORD00443,2025-08-31,Shoes,Fashion,9,82.88
ORD00444,2025-05-27,Chair,Furniture,12,1725.66
ORD00445,2025-12-02,Laptop,Electronics,11,553.7
ORD00446,2025-08-12,Notebook,Stationery,13,1489.18
ORD00447,2025-06-23,Pen,Stationery,6,997.44
ORD00448,2025-07-08,Bottle,Home,17,540.77
ORD00449,2025-08-06,Phone,Electronics,3,866.91
ORD00450,2025-10-07,Headphones,Electronics,10,649.21
ORD00451,2025-06-17,Phone,Electronics,10,619.93
ORD00452,2025-08-07,T-Shirt,Fashion,6,1382.63
ORD00453,2025-08-17,Notebook,Stationery,2,1456.36
ORD00454,2025-11-11,Notebook,Stationery,14,556.37
ORD00455,2025-02-08,Laptop,Electronics,13,732.99
ORD00456,2025-01-16,Headphones,Electronics,5,1698.85
ORD00457,2025-01-18,Bottle,Home,5,143.79
ORD00458,2025-07-05,Notebook,Stationery,13,1899.44
ORD00459,2025-11-06,Laptop,Electronics,5,1361.33
ORD00460,2025-07-10,Notebook,Stationery,15,1528.54
ORD00461,2025-03-12,T-Shirt,Fashion,17,740.23
ORD00462,2025-11-29,Notebook,Stationery,9,506.73
ORD00463,2025-01-14,Phone,Electronics,6,1003.1
ORD00464,2025-10-15,Pen,Stationery,4,530.94
ORD00465,2025-12-27,Desk,Furniture,15,437.0
ORD00466,2025-05-27,T-Shirt,Fashion,16,408.35
ORD00467,2025-02-07,Headphones,Electronics,15,353.59
ORD00468,2025-02-14,Bottle,Home,11,1339.0
ORD00469,2025-10-09,Phone,Electronics,18,587.82
ORD00470,2025-03-22,Desk,Furniture,6,1589.46
ORD00471,2025-04-25,Shoes,Fashion,4,1970.41
ORD00472,2025-05-02,Headphones,Electronics,16,62.31
ORD00473,2025-10-21,Shoes,Fashion,12,940.14
ORD00474,2025-03-08,Shoes,Fashion,20,1769.65
ORD00475,2025-06-08,Phone,Electronics,13,1999.19
ORD00476,2025-09-27,Bottle,Home,14,1540.64
ORD00477,2025-02-07,T-Shirt,Fashion,5,1945.04
ORD00478,2025-08-19,Phone,Electronics,15,1363.42
ORD00479,2025-03-07,Notebook,Stationery,18,1283.19
ORD00480,2025-03-08,Headphones,Electronics,14,1010.7
ORD00481,2025-03-05,Laptop,Electronics,17,314.5
ORD00482,2025-03-24,Headphones,Electronics,11,1870.13
ORD00483,2025-06-27,Chair,Furniture,17,1790.9
ORD00484,2025-05-09,Phone,Electronics,7,1273.76
ORD00485,2025-05-21,Shoes,Fashion,5,1253.79
ORD00486,2025-10-01,T-Shirt,Fashion,3,1010.12
ORD00487,2025-10-31,Headphones,Electronics,19,316.85
ORD00488,2025-11-06,T-Shirt,Fashion,11,1686.63
ORD00489,2025-01-22,T-Shirt,Fashion,1,171.63
ORD00490,2025-05-16,T-Shirt,Fashion,7,1536.25
ORD00491,2025-11-13,Pen,Stationery,1,1001.1
ORD00492,2025-05-29,Shoes,Fashion,10,971.06
ORD00493,2025-06-02,Pen,Stationery,15,155.22
ORD00494,2025-03-22,Laptop,Electronics,15,837.09
ORD00495,2025-04-15,Bottle,Home,11,1217.25
ORD00496,2025-06-13,Notebook,Stationery,12,1950.99
ORD00497,2025-07-09,Headphones,Electronics,17,1127.69
ORD00498,2025-05-04,Notebook,Stationery,15,253.82
ORD00499,2025-05-07,Bottle,Home,5,202.66
ORD00500,2025-07-16,Desk,Furniture,20,842.09
ORD00501,2025-06-17,Headphones,Electronics,19,1445.05
ORD00502,2025-03-23,Chair,Furniture,16,1991.98
ORD00503,2025-09-13,Bottle,Home,10,999.77
ORD00504,2025-07-21,Phone,Electronics,17,919.89
ORD00505,2025-04-21,Chair,Furniture,19,712.26
ORD00506,2025-05-25,Laptop,Electronics,16,1199.06
ORD00507,2025-05-27,Bottle,Home,18,26.27
ORD00508,2025-08-09,Phone,Electronics,5,1766.09
ORD00509,2025-07-26,Notebook,Stationery,12,100.03
ORD00510,2025-10-19,Laptop,Electronics,18,397.36
ORD00511,2025-05-28,Shoes,Fashion,3,778.83
ORD00512,2025-10-09,Bottle,Home,9,1652.37
ORD00513,2025-12-15,T-Shirt,Fashion,20,246.43
ORD00514,2025-07-21,Phone,Electronics,12,1591.85
ORD00515,2025-10-13,Notebook,Stationery,12,1512.38
ORD00516,2025-11-05,Chair,Furniture,17,808.76
ORD00517,2025-01-24,Laptop,Electronics,2,282.7
ORD00518,2025-08-31,Notebook,Stationery,17,919.41
ORD00519,2025-09-21,T-Shirt,Fashion,5,662.65
ORD00520,2025-06-13,T-Shirt,Fashion,6,791.98
ORD00521,2025-06-03,T-Shirt,Fashion,19,679.38
ORD00522,2025-09-30,Shoes,Fashion,16,1420.39
ORD00523,2025-09-01,Desk,Furniture,1,743.03
ORD00524,2025-08-02,Phone,Electronics,19,622.28
ORD00525,2025-11-02,Laptop,Electronics,16,538.41
ORD00526,2025-10-23,T-Shirt,Fashion,8,1445.59
ORD00527,2025-09-03,T-Shirt,Fashion,6,1053.22
ORD00528,2025-07-14,T-Shirt,Fashion,5,1645.11
ORD00529,2025-01-17,Chair,Furniture,19,1896.93
ORD00530,2025-04-08,Phone,Electronics,1,887.67
ORD00531,2025-03-19,Pen,Stationery,14,1384.1
ORD00532,2025-09-14,Pen,Stationery,20,1841.84
ORD00533,2025-12-28,Laptop,Electronics,5,1042.18
ORD00534,2025-06-16,Shoes,Fashion,16,1055.7
ORD00535,2025-03-30,Notebook,Stationery,15,1825.13
ORD00536,2025-10-07,Notebook,Stationery,12,1354.98
ORD00537,2025-11-09,Desk,Furniture,16,392.61
ORD00538,2025-05-23,Chair,Furniture,18,604.01
ORD00539,2025-05-28,Desk,Furniture,7,1383.58
ORD00540,2025-06-12,Bottle,Home,16,704.12
ORD00541,2025-05-28,Desk,Furniture,4,1151.22
ORD00542,2025-07-14,Shoes,Fashion,13,1638.57
ORD00543,2025-05-29,Headphones,Electronics,2,582.38
ORD00544,2025-06-27,Phone,Electronics,15,1315.38
ORD00545,2025-04-20,Bottle,Home,7,1657.62
ORD00546,2025-10-15,Desk,Furniture,9,283.17
ORD00547,2025-10-28,T-Shirt,Fashion,8,492.49
ORD00548,2025-04-26,Shoes,Fashion,8,114.46
ORD00549,2025-06-19,Pen,Stationery,16,210.08
ORD00550,2025-01-03,Headphones,Electronics,18,1956.04
ORD00551,2025-07-28,Headphones,Electronics,16,960.12
ORD00552,2025-05-28,Chair,Furniture,11,577.98
ORD00553,2025-02-15,Laptop,Electronics,19,472.12
ORD00554,2025-03-31,Laptop,Electronics,14,1765.67
ORD00555,2025-01-19,Headphones,Electronics,13,1578.04
ORD00556,2025-05-29,Headphones,Electronics,2,28.44
ORD00557,2025-11-05,T-Shirt,Fashion,4,1857.63
ORD00558,2025-05-26,Notebook,Stationery,15,1978.31
ORD00559,2025-09-26,Shoes,Fashion,16,1779.63
ORD00560,2025-09-16,Headphones,Electronics,15,552.95
ORD00561,2025-06-19,Phone,Electronics,6,1464.93
ORD00562,2025-04-06,Desk,Furniture,1,1475.87
ORD00563,2025-10-18,Desk,Furniture,7,359.23
ORD00564,2025-08-07,Pen,Stationery,17,662.57
ORD00565,2025-12-09,Pen,Stationery,4,377.71
ORD00566,2025-09-02,Headphones,Electronics,11,1872.29
ORD00567,2025-05-14,Laptop,Electronics,13,478.69
ORD00568,2025-06-18,Desk,Furniture,10,1169.1
ORD00569,2025-01-06,T-Shirt,Fashion,9,1310.83
ORD00570,2025-02-01,Chair,Furniture,4,936.14
ORD00571,2025-07-27,Headphones,Electronics,17,1846.98
ORD00572,2025-12-20,Desk,Furniture,4,1281.04
ORD00573,2025-07-08,Desk,Furniture,20,449.49
ORD00574,2025-09-02,Headphones,Electronics,5,915.41
ORD00575,2025-07-11,T-Shirt,Fashion,14,1406.86
ORD00576,2025-10-03,Bottle,Home,7,1526.1
ORD00577,2025-02-11,T-Shirt,Fashion,17,899.03
ORD00578,2025-02-09,Notebook,Stationery,19,233.3
ORD00579,2025-09-16,Shoes,Fashion,7,1149.68
ORD00580,2025-03-26,Headphones,Electronics,11,1710.43
ORD00581,2025-03-01,Bottle,Home,7,1436.67
ORD00582,2025-02-16,Bottle,Home,17,896.51
ORD00583,2025-08-21,Laptop,Electronics,5,1031.36
ORD00584,2025-10-16,Bottle,Home,2,1122.01
ORD00585,2025-01-12,Desk,Furniture,13,516.37
ORD00586,2025-04-22,Laptop,Electronics,19,155.33
ORD00587,2025-06-26,Pen,Stationery,3,1086.92
ORD00588,2025-02-05,Laptop,Electronics,16,73.15
ORD00589,2025-04-03,Pen,Stationery,5,1534.0
ORD00590,2025-07-11,Pen,Stationery,13,902.59
ORD00591,2025-07-12,Pen,Stationery,3,1368.63
ORD00592,2025-03-10,Shoes,Fashion,12,246.08
ORD00593,2025-07-21,Shoes,Fashion,17,263.42
ORD00594,2025-01-02,Chair,Furniture,1,1957.2
ORD00595,2025-12-11,Bottle,Home,18,854.01
ORD00596,2025-04-28,Pen,Stationery,8,926.64
ORD00597,2025-05-22,Headphones,Electronics,7,1875.45
ORD00598,2025-01-17,Phone,Electronics,14,1233.7
ORD00599,2025-05-04,Laptop,Electronics,7,143.91
ORD00600,2025-01-18,T-Shirt,Fashion,15,1199.59
ORD00601,2025-05-06,Laptop,Electronics,2,810.51
ORD00602,2025-10-04,Chair,Furniture,7,1511.23
ORD00603,2025-03-13,Laptop,Electronics,17,1987.03
ORD00604,2025-10-22,Chair,Furniture,11,1159.17
ORD00605,2025-05-02,Notebook,Stationery,10,1753.75
ORD00606,2025-04-24,Shoes,Fashion,14,608.0
ORD00607,2025-10-13,Laptop,Electronics,19,1760.63
ORD00608,2025-11-17,Headphones,Electronics,14,1116.14
ORD00609,2025-06-26,Laptop,Electronics,13,1573.75
ORD00610,2025-12-23,Notebook,Stationery,14,822.44
ORD00611,2025-07-12,Desk,Furniture,6,1511.29
ORD00612,2025-05-04,Bottle,Home,8,608.47
ORD00613,2025-08-26,Headphones,Electronics,2,1129.15
ORD00614,2025-10-13,Pen,Stationery,17,276.84
ORD00615,2025-05-11,Chair,Furniture,7,667.22
ORD00616,2025-08-19,Phone,Electronics,12,194.0
ORD00617,2025-01-27,Chair,Furniture,9,760.56
ORD00618,2025-11-05,T-Shirt,Fashion,2,1748.5
ORD00619,2025-10-28,Chair,Furniture,18,441.86
ORD00620,2025-06-20,Chair,Furniture,10,1914.47
ORD00621,2025-04-19,Laptop,Electronics,7,1924.53
ORD00622,2025-09-03,Phone,Electronics,8,1394.3
ORD00623,2025-07-23,Chair,Furniture,8,1108.64
ORD00624,2025-07-14,Desk,Furniture,15,1071.96
ORD00625,2025-06-07,Notebook,Stationery,9,725.69
ORD00626,2025-08-27,Bottle,Home,4,1607.61
ORD00627,2025-06-13,Bottle,Home,7,747.7
ORD00628,2025-01-24,Pen,Stationery,19,1729.53
ORD00629,2025-01-09,Headphones,Electronics,9,1111.09
ORD00630,2025-10-24,T-Shirt,Fashion,14,597.43
ORD00631,2025-06-18,Chair,Furniture,8,765.88
ORD00632,2025-09-13,Chair,Furniture,18,1312.67
ORD00633,2025-05-12,Notebook,Stationery,16,1933.35
ORD00634,2025-08-24,Bottle,Home,6,1468.22
ORD00635,2025-03-28,Notebook,Stationery,5,1443.42
ORD00636,2025-04-05,Bottle,Home,18,1980.74
ORD00637,2025-09-26,Laptop,Electronics,2,1679.75
ORD00638,2025-12-09,Phone,Electronics,2,1531.03
ORD00639,2025-03-12,Pen,Stationery,8,145.26
ORD00640,2025-01-05,Headphones,Electronics,7,1016.41
ORD00641,2025-01-31,Notebook,Stationery,20,1279.08
ORD00642,2025-09-05,T-Shirt,Fashion,16,41.31
ORD00643,2025-10-10,Shoes,Fashion,14,33.58
ORD00644,2025-05-21,Shoes,Fashion,18,1955.18
ORD00645,2025-09-15,Laptop,Electronics,14,1614.27
ORD00646,2025-02-24,Headphones,Electronics,4,1053.53
ORD00647,2025-04-09,Chair,Furniture,20,1057.65
ORD00648,2025-05-17,Notebook,Stationery,13,167.25
ORD00649,2025-08-24,Pen,Stationery,19,493.98
ORD00650,2025-06-03,Chair,Furniture,3,1310.93
ORD00651,2025-02-17,Laptop,Electronics,13,764.74
ORD00652,2025-09-01,Shoes,Fashion,2,1277.13
ORD00653,2025-02-12,Headphones,Electronics,16,1692.21
ORD00654,2025-10-17,Notebook,Stationery,4,1790.63
ORD00655,2025-04-28,Laptop,Electronics,7,1803.53
ORD00656,2025-09-01,T-Shirt,Fashion,9,102.66
ORD00657,2025-12-17,Phone,Electronics,9,1799.63
ORD00658,2025-12-03,T-Shirt,Fashion,2,366.92
ORD00659,2025-01-09,Notebook,Stationery,7,1178.2
ORD00660,2025-02-09,Pen,Stationery,10,333.28
ORD00661,2025-10-18,Chair,Furniture,13,1357.3
ORD00662,2025-06-19,Shoes,Fashion,13,1513.66
ORD00663,2025-12-19,Headphones,Electronics,3,1006.58
ORD00664,2025-01-28,Notebook,Stationery,4,879.81
ORD00665,2025-06-24,Phone,Electronics,20,1540.32
ORD00666,2025-07-23,T-Shirt,Fashion,11,68.96
ORD00667,2025-08-19,Desk,Furniture,16,464.0
ORD00668,2025-07-12,Shoes,Fashion,14,379.62
ORD00669,2025-12-05,T-Shirt,Fashion,13,180.53
ORD00670,2025-06-01,T-Shirt,Fashion,8,1429.09
ORD00671,2025-05-18,Phone,Electronics,5,766.2
ORD00672,2025-07-19,Headphones,Electronics,11,727.79
ORD00673,2025-01-03,Phone,Electronics,10,895.02
ORD00674,2025-02-22,Desk,Furniture,5,183.72
ORD00675,2025-08-18,Pen,Stationery,18,1113.93
ORD00676,2025-02-22,Pen,Stationery,1,188.34
ORD00677,2025-02-17,Shoes,Fashion,20,1200.11
ORD00678,2025-07-17,Notebook,Stationery,1,590.78
ORD00679,2025-02-13,Pen,Stationery,18,1811.36
ORD00680,2025-10-20,Chair,Furniture,17,347.47
ORD00681,2025-03-28,Pen,Stationery,5,545.15
ORD00682,2025-09-10,Desk,Furniture,5,135.9
ORD00683,2025-05-22,Pen,Stationery,14,606.51
ORD00684,2025-07-04,Phone,Electronics,9,1889.0
ORD00685,2025-11-01,Bottle,Home,20,399.14
ORD00686,2025-03-11,Phone,Electronics,10,23.47
ORD00687,2025-06-20,Pen,Stationery,20,765.98
ORD00688,2025-08-14,Notebook,Stationery,11,866.93
ORD00689,2025-03-11,T-Shirt,Fashion,10,648.12
ORD00690,2025-09-03,Chair,Furniture,11,363.5
ORD00691,2025-06-13,Pen,Stationery,10,1472.4
ORD00692,2025-10-22,Bottle,Home,8,658.51
ORD00693,2025-07-21,Desk,Furniture,12,236.64
ORD00694,2025-04-13,T-Shirt,Fashion,19,1994.56
ORD00695,2025-12-16,Headphones,Electronics,18,63.56
ORD00696,2025-12-29,Bottle,Home,7,882.53
ORD00697,2025-12-21,Desk,Furniture,3,1639.74
ORD00698,2025-12-11,Pen,Stationery,16,286.97
ORD00699,2025-05-04,Desk,Furniture,9,1320.74
ORD00700,2025-07-13,Pen,Stationery,3,903.64
ORD00701,2025-09-03,T-Shirt,Fashion,19,807.6
ORD00702,2025-12-21,Shoes,Fashion,14,1091.85
ORD00703,2025-12-26,Notebook,Stationery,18,1191.7
ORD00704,2025-02-25,Phone,Electronics,8,1318.63
ORD00705,2025-03-27,Notebook,Stationery,20,98.15
ORD00706,2025-06-19,Pen,Stationery,14,220.83
ORD00707,2025-05-13,Phone,Electronics,8,1026.25
ORD00708,2025-10-13,Shoes,Fashion,19,1378.45
ORD00709,2025-08-17,Chair,Furniture,12,788.36
ORD00710,2025-12-20,T-Shirt,Fashion,17,309.98
ORD00711,2025-09-05,Laptop,Electronics,4,597.91
ORD00712,2025-03-01,Phone,Electronics,5,703.17
ORD00713,2025-08-22,Notebook,Stationery,7,1047.02
ORD00714,2025-09-01,Notebook,Stationery,4,881.95
ORD00715,2025-06-13,Bottle,Home,3,607.53
ORD00716,2025-01-12,Phone,Electronics,11,1299.46
ORD00717,2025-05-05,Headphones,Electronics,17,357.16
ORD00718,2025-06-19,Headphones,Electronics,18,858.48
ORD00719,2025-04-29,Bottle,Home,13,1263.22
ORD00720,2025-11-24,Headphones,Electronics,14,797.21
ORD00721,2025-04-12,T-Shirt,Fashion,15,1188.48
ORD00722,2025-01-03,Pen,Stationery,7,419.51
ORD00723,2025-10-23,Phone,Electronics,4,1601.01
ORD00724,2025-04-06,Shoes,Fashion,12,658.71
ORD00725,2025-02-28,Bottle,Home,9,1344.7
ORD00726,2025-09-28,Bottle,Home,11,1197.97
ORD00727,2025-07-20,T-Shirt,Fashion,19,237.32
ORD00728,2025-08-23,Notebook,Stationery,20,353.33
ORD00729,2025-11-11,Desk,Furniture,19,178.66
ORD00730,2025-06-10,Headphones,Electronics,4,484.76
ORD00731,2025-04-04,Phone,Electronics,12,1389.94
ORD00732,2025-07-18,Shoes,Fashion,14,1196.89
ORD00733,2025-07-16,T-Shirt,Fashion,14,379.65
ORD00734,2025-12-22,Shoes,Fashion,6,1114.28
ORD00735,2025-05-28,Bottle,Home,5,382.33
ORD00736,2025-11-14,Bottle,Home,2,1732.39
ORD00737,2025-09-06,Laptop,Electronics,5,398.31
ORD00738,2025-10-15,Pen,Stationery,17,1309.61
ORD00739,2025-12-17,Pen,Stationery,16,837.1
ORD00740,2025-09-08,Bottle,Home,6,174.51
ORD00741,2025-04-23,Laptop,Electronics,10,75.06
ORD00742,2025-10-03,Chair,Furniture,10,344.74
ORD00743,2025-10-17,Bottle,Home,16,1103.96
ORD00744,2025-10-21,Phone,Electronics,4,543.1
ORD00745,2025-07-07,Shoes,Fashion,18,1647.0
ORD00746,2025-08-14,Laptop,Electronics,18,444.9
ORD00747,2025-02-22,Pen,Stationery,8,602.44
ORD00748,2025-08-19,Laptop,Electronics,9,703.67
ORD00749,2025-08-13,Phone,Electronics,4,1553.51
ORD00750,2025-04-18,Chair,Furniture,19,1381.38
ORD00751,2025-11-20,T-Shirt,Fashion,14,340.3
ORD00752,2025-04-16,Headphones,Electronics,7,1612.83
ORD00753,2025-06-29,T-Shirt,Fashion,18,569.36
ORD00754,2025-03-28,Shoes,Fashion,11,1958.21
ORD00755,2025-05-29,Desk,Furniture,19,542.01
ORD00756,2025-12-14,Shoes,Fashion,4,279.82
ORD00757,2025-01-31,Pen,Stationery,9,1735.42
ORD00758,2025-12-26,Headphones,Electronics,5,506.86
ORD00759,2025-05-07,Notebook,Stationery,13,984.02
ORD00760,2025-11-20,T-Shirt,Fashion,9,1259.35
ORD00761,2025-08-20,Pen,Stationery,3,1270.92
ORD00762,2025-07-26,Phone,Electronics,17,1502.11
ORD00763,2025-08-21,Notebook,Stationery,16,661.31
ORD00764,2025-02-17,Laptop,Electronics,15,1273.33
ORD00765,2025-02-02,Notebook,Stationery,18,801.45
ORD00766,2025-04-19,Pen,Stationery,16,544.39
ORD00767,2025-06-22,Desk,Furniture,18,1160.09
ORD00768,2025-09-06,T-Shirt,Fashion,11,1789.37
ORD00769,2025-01-24,Laptop,Electronics,4,1256.1
ORD00770,2025-01-09,Bottle,Home,4,1859.57
ORD00771,2025-08-14,Headphones,Electronics,15,11.35
ORD00772,2025-04-14,Pen,Stationery,5,1765.47
ORD00773,2025-03-23,Desk,Furniture,9,195.75
ORD00774,2025-05-09,Notebook,Stationery,3,749.97
ORD00775,2025-01-27,Headphones,Electronics,13,1254.95
ORD00776,2025-08-08,Chair,Furniture,3,1410.36
ORD00777,2025-04-20,Laptop,Electronics,16,165.1
ORD00778,2025-04-26,T-Shirt,Fashion,17,1363.17
ORD00779,2025-01-05,Laptop,Electronics,11,1636.05
ORD00780,2025-12-22,Pen,Stationery,5,960.62
ORD00781,2025-07-16,Chair,Furniture,3,1464.22
ORD00782,2025-02-22,Phone,Electronics,11,741.45
ORD00783,2025-03-12,Desk,Furniture,13,1549.19
ORD00784,2025-11-25,Headphones,Electronics,5,146.14
ORD00785,2025-01-05,T-Shirt,Fashion,20,1303.54
ORD00786,2025-06-29,Bottle,Home,7,1259.88
ORD00787,2025-07-30,Headphones,Electronics,20,1376.27
ORD00788,2025-02-14,Chair,Furniture,4,288.63
ORD00789,2025-10-29,Phone,Electronics,13,709.56
ORD00790,2025-06-11,Pen,Stationery,5,503.09
ORD00791,2025-05-08,Phone,Electronics,18,1205.99
ORD00792,2025-05-26,T-Shirt,Fashion,1,1697.31
ORD00793,2025-04-16,Desk,Furniture,17,1217.78
ORD00794,2025-07-20,Chair,Furniture,10,1295.88
ORD00795,2025-09-11,Chair,Furniture,13,234.36
ORD00796,2025-11-23,Bottle,Home,20,151.31
ORD00797,2025-07-04,Laptop,Electronics,11,272.65
ORD00798,2025-08-04,T-Shirt,Fashion,12,1097.25
ORD00799,2025-08-30,Headphones,Electronics,3,43.21
ORD00800,2025-01-08,Phone,Electronics,9,439.33
ORD00801,2025-07-23,Laptop,Electronics,17,580.11
ORD00802,2025-08-01,Shoes,Fashion,14,1406.6
ORD00803,2025-11-24,Phone,Electronics,18,1079.93
ORD00804,2025-05-23,Headphones,Electronics,3,626.71
ORD00805,2025-04-15,Shoes,Fashion,5,1077.42
ORD00806,2025-10-28,Pen,Stationery,3,627.24
ORD00807,2025-05-03,Pen,Stationery,2,496.51
ORD00808,2025-03-01,Pen,Stationery,15,1228.47
ORD00809,2025-06-08,Laptop,Electronics,6,247.69
ORD00810,2025-12-26,Headphones,Electronics,1,336.03
ORD00811,2025-09-25,Notebook,Stationery,17,1568.14
ORD00812,2025-03-27,Desk,Furniture,12,262.59
ORD00813,2025-03-02,Desk,Furniture,1,676.67
ORD00814,2025-05-20,Pen,Stationery,17,137.11
ORD00815,2025-11-18,T-Shirt,Fashion,3,997.33
ORD00816,2025-07-04,Shoes,Fashion,2,1004.22
ORD00817,2025-03-27,T-Shirt,Fashion,12,323.05
ORD00818,2025-10-21,Phone,Electronics,4,464.52
ORD00819,2025-01-02,Shoes,Fashion,2,1718.79
ORD00820,2025-05-06,Laptop,Electronics,2,948.81
ORD00821,2025-03-18,Pen,Stationery,6,1863.01
ORD00822,2025-10-11,Laptop,Electronics,14,456.79
ORD00823,2025-08-02,Chair,Furniture,11,549.8
ORD00824,2025-10-20,Phone,Electronics,12,247.61
ORD00825,2025-04-02,Laptop,Electronics,8,1610.63
ORD00826,2025-07-25,Laptop,Electronics,3,1755.21
ORD00827,2025-06-09,Desk,Furniture,11,181.91
ORD00828,2025-01-05,Bottle,Home,12,409.34
ORD00829,2025-06-05,T-Shirt,Fashion,20,492.74
ORD00830,2025-10-30,Notebook,Stationery,16,1995.6
ORD00831,2025-10-07,Chair,Furniture,8,309.63
ORD00832,2025-01-13,Pen,Stationery,8,1087.67
ORD00833,2025-06-21,Laptop,Electronics,1,1520.27
ORD00834,2025-06-07,Pen,Stationery,4,418.34
ORD00835,2025-08-03,Chair,Furniture,16,1922.76
ORD00836,2025-12-31,Headphones,Electronics,9,195.12
ORD00837,2025-09-24,Chair,Furniture,14,1404.69
ORD00838,2025-08-23,Notebook,Stationery,3,1165.73
ORD00839,2025-03-10,Shoes,Fashion,13,158.91
ORD00840,2025-02-01,T-Shirt,Fashion,14,1328.26
ORD00841,2025-05-02,Headphones,Electronics,10,529.37
ORD00842,2025-07-21,Notebook,Stationery,11,642.93
ORD00843,2025-04-30,Desk,Furniture,3,1887.67
ORD00844,2025-10-27,Headphones,Electronics,4,319.27
ORD00845,2025-08-19,Headphones,Electronics,15,634.93
ORD00846,2025-10-02,Phone,Electronics,12,1929.62
ORD00847,2025-08-20,Chair,Furniture,10,932.06
ORD00848,2025-02-16,Phone,Electronics,6,1617.12
ORD00849,2025-12-27,Desk,Furniture,20,90.26
ORD00850,2025-03-17,Notebook,Stationery,3,1425.2
ORD00851,2025-07-22,Notebook,Stationery,17,107.41
ORD00852,2025-05-14,Desk,Furniture,6,71.85
ORD00853,2025-08-20,Pen,Stationery,18,1498.68
ORD00854,2025-02-18,Chair,Furniture,15,212.8
ORD00855,2025-03-04,Headphones,Electronics,1,132.72
ORD00856,2025-03-08,Chair,Furniture,7,1649.11
ORD00857,2025-12-18,Notebook,Stationery,3,1168.82
ORD00858,2025-02-08,Desk,Furniture,1,1994.35
ORD00859,2025-11-27,Chair,Furniture,15,1620.5
ORD00860,2025-06-19,Phone,Electronics,4,94.97
ORD00861,2025-01-26,Bottle,Home,6,1849.02
ORD00862,2025-07-22,Pen,Stationery,16,68.67
ORD00863,2025-03-30,Pen,Stationery,12,437.29
ORD00864,2025-05-21,Headphones,Electronics,9,897.56
ORD00865,2025-01-18,Headphones,Electronics,20,1242.16
ORD00866,2025-11-28,Chair,Furniture,10,1002.79
ORD00867,2025-09-03,Shoes,Fashion,2,184.57
ORD00868,2025-03-12,Pen,Stationery,14,406.92
ORD00869,2025-05-08,Shoes,Fashion,18,1591.74
ORD00870,2025-07-03,Pen,Stationery,16,1093.59
ORD00871,2025-06-26,Bottle,Home,19,1009.76
ORD00872,2025-05-19,Pen,Stationery,6,61.87
ORD00873,2025-04-23,T-Shirt,Fashion,1,1792.57
ORD00874,2025-01-30,Desk,Furniture,16,1063.57
ORD00875,2025-04-30,T-Shirt,Fashion,6,209.27
ORD00876,2025-05-17,Chair,Furniture,18,1634.41
ORD00877,2025-04-23,Laptop,Electronics,19,1694.55
ORD00878,2025-07-01,Pen,Stationery,6,360.44
ORD00879,2025-06-12,T-Shirt,Fashion,12,1828.82
ORD00880,2025-12-27,Laptop,Electronics,12,1895.64
ORD00881,2025-03-14,T-Shirt,Fashion,19,1897.25
ORD00882,2025-10-05,Bottle,Home,10,359.36
ORD00883,2025-02-16,Laptop,Electronics,2,472.92
ORD00884,2025-01-11,Chair,Furniture,17,961.2
ORD00885,2025-11-11,Notebook,Stationery,7,1614.83
ORD00886,2025-04-01,Notebook,Stationery,11,128.52
ORD00887,2025-10-28,Headphones,Electronics,5,1550.99
ORD00888,2025-07-06,Shoes,Fashion,3,753.45
ORD00889,2025-10-28,Pen,Stationery,4,679.76
ORD00890,2025-03-11,Notebook,Stationery,6,1467.38
ORD00891,2025-11-24,Pen,Stationery,16,1301.87
ORD00892,2025-12-29,Headphones,Electronics,18,1390.19
ORD00893,2025-07-02,T-Shirt,Fashion,8,1334.41
ORD00894,2025-07-13,Headphones,Electronics,10,1470.65
ORD00895,2025-03-07,Desk,Furniture,6,1460.37
ORD00896,2025-07-20,T-Shirt,Fashion,19,74.44
ORD00897,2025-06-12,T-Shirt,Fashion,20,449.58
ORD00898,2025-02-23,T-Shirt,Fashion,16,289.88
ORD00899,2025-05-02,Phone,Electronics,12,1964.94
ORD00900,2025-11-22,Headphones,Electronics,3,1645.11
ORD00901,2025-08-17,Notebook,Stationery,1,537.77
ORD00902,2025-12-21,Chair,Furniture,3,707.46
ORD00903,2025-01-01,Phone,Electronics,2,778.01
ORD00904,2025-03-27,Pen,Stationery,14,991.23
ORD00905,2025-06-29,Pen,Stationery,18,756.94
ORD00906,2025-10-23,Bottle,Home,8,333.69
ORD00907,2025-01-18,Phone,Electronics,10,49.96
ORD00908,2025-02-23,Desk,Furniture,3,690.2
ORD00909,2025-03-24,Pen,Stationery,3,1098.62
ORD00910,2025-06-23,Phone,Electronics,20,1970.7
ORD00911,2025-12-27,Bottle,Home,1,868.33
ORD00912,2025-11-07,Headphones,Electronics,14,322.64
ORD00913,2025-06-19,Phone,Electronics,7,1949.05
ORD00914,2025-12-23,Pen,Stationery,18,1446.86
ORD00915,2025-05-16,Shoes,Fashion,10,601.83
ORD00916,2025-01-26,Phone,Electronics,13,1147.82
ORD00917,2025-03-20,Bottle,Home,2,728.05
ORD00918,2025-02-14,Pen,Stationery,10,1649.56
ORD00919,2025-09-03,T-Shirt,Fashion,7,203.0
ORD00920,2025-03-29,Chair,Furniture,10,1954.34
ORD00921,2025-03-01,Bottle,Home,10,1571.9
ORD00922,2025-09-08,Bottle,Home,9,191.36
ORD00923,2025-07-18,Shoes,Fashion,6,748.33
ORD00924,2025-07-09,Pen,Stationery,6,897.09
ORD00925,2025-08-14,Desk,Furniture,15,534.17
ORD00926,2025-10-16,Desk,Furniture,2,310.75
ORD00927,2025-02-13,Phone,Electronics,12,1618.28
ORD00928,2025-10-29,Pen,Stationery,8,1111.67
ORD00929,2025-09-25,Pen,Stationery,14,1931.6
ORD00930,2025-10-21,Bottle,Home,8,957.76
ORD00931,2025-07-22,Phone,Electronics,2,1009.18
ORD00932,2025-10-20,Shoes,Fashion,20,303.42
ORD00933,2025-03-30,Bottle,Home,6,1944.61
ORD00934,2025-03-06,Chair,Furniture,2,852.52
ORD00935,2025-04-14,Pen,Stationery,5,1669.88
ORD00936,2025-06-13,Desk,Furniture,3,183.18
ORD00937,2025-07-23,Shoes,Fashion,18,658.99
ORD00938,2025-09-24,Desk,Furniture,15,1835.15
ORD00939,2025-12-25,Laptop,Electronics,20,1179.28
ORD00940,2025-02-27,Pen,Stationery,14,307.79
ORD00941,2025-10-29,T-Shirt,Fashion,19,1519.17
ORD00942,2025-02-24,Phone,Electronics,19,1561.29
ORD00943,2025-10-02,Desk,Furniture,12,1757.01
ORD00944,2025-07-16,Desk,Furniture,16,1148.33
ORD00945,2025-01-20,Bottle,Home,6,558.07
ORD00946,2025-11-13,Headphones,Electronics,20,1364.82
ORD00947,2025-01-20,Pen,Stationery,13,1780.25
ORD00948,2025-12-20,Notebook,Stationery,8,108.09
ORD00949,2025-05-18,Bottle,Home,12,50.26
ORD00950,2025-06-09,Desk,Furniture,9,1687.26
ORD00951,2025-04-27,Phone,Electronics,5,607.96
ORD00952,2025-06-14,Bottle,Home,9,1460.31
ORD00953,2025-11-27,T-Shirt,Fashion,3,383.99
ORD00954,2025-07-28,Chair,Furniture,16,1521.39
ORD00955,2025-01-29,Notebook,Stationery,17,1585.07
ORD00956,2025-06-09,Phone,Electronics,17,812.74
ORD00957,2025-10-19,Shoes,Fashion,1,355.74
ORD00958,2025-01-30,Chair,Furniture,8,75.81
ORD00959,2025-07-04,Laptop,Electronics,7,555.22
ORD00960,2025-09-16,Bottle,Home,13,1274.47
ORD00961,2025-12-15,Phone,Electronics,1,491.46
ORD00962,2025-11-01,Bottle,Home,15,363.39
ORD00963,2025-10-28,Bottle,Home,18,706.02
ORD00964,2025-05-13,Headphones,Electronics,3,577.29
ORD00965,2025-01-26,Pen,Stationery,6,1709.1
ORD00966,2025-04-24,Chair,Furniture,8,1358.61
ORD00967,2025-11-30,Desk,Furniture,14,1031.43
ORD00968,2025-08-31,Laptop,Electronics,5,1298.27
ORD00969,2025-01-05,T-Shirt,Fashion,8,512.26
ORD00970,2025-12-31,Desk,Furniture,9,853.38
ORD00971,2025-06-28,Pen,Stationery,15,511.48
ORD00972,2025-06-04,Bottle,Home,17,1650.38
ORD00973,2025-10-27,Pen,Stationery,4,24.62
ORD00974,2025-10-15,Notebook,Stationery,20,1222.01
ORD00975,2025-12-17,Desk,Furniture,4,968.66
ORD00976,2025-05-22,Notebook,Stationery,11,1724.37
ORD00977,2025-12-02,Desk,Furniture,10,384.84
ORD00978,2025-05-04,Shoes,Fashion,2,1612.81
ORD00979,2025-07-26,T-Shirt,Fashion,11,1364.7
ORD00980,2025-12-02,Laptop,Electronics,16,1994.96
ORD00981,2025-08-03,Desk,Furniture,13,782.67
ORD00982,2025-10-26,Laptop,Electronics,19,1633.87
ORD00983,2025-04-24,Notebook,Stationery,18,1280.24
ORD00984,2025-12-10,Bottle,Home,12,1019.56
ORD00985,2025-12-03,Headphones,Electronics,18,370.46
ORD00986,2025-08-30,Phone,Electronics,5,1484.43
ORD00987,2025-04-04,Shoes,Fashion,11,1312.32
ORD00988,2025-07-01,Chair,Furniture,8,1490.98
ORD00989,2025-08-04,Desk,Furniture,11,749.65
ORD00990,2025-05-31,T-Shirt,Fashion,15,1703.92
ORD00991,2025-01-28,Bottle,Home,19,1164.82
ORD00992,2025-02-06,T-Shirt,Fashion,16,1779.96
ORD00993,2025-03-03,Shoes,Fashion,13,1064.38
ORD00994,2025-01-28,Pen,Stationery,5,283.36
ORD00995,2025-06-25,Chair,Furniture,14,1974.51
ORD00996,2025-03-15,Bottle,Home,11,1726.16
ORD00997,2025-02-11,Headphones,Electronics,16,671.93
ORD00998,2025-06-10,Headphones,Electronics,2,19.38
ORD00999,2025-04-18,Desk,Furniture,6,1156.8
ORD01000,2025-09-08,Headphones,Electronics,3,267.52
